{
    "averageKids": 0.5552136868488944,
    "dominatingGenotype": "00001111222333444444445566777777",
    "averageLife": 177.68871775972835,
    "averageAnimals: ": 31.20729366602687,
    "averageWeeds": 774.0019193857966,
    "averageEnergy": 2265.6055741293367
}