{
    "averageKids": 0.06102485677293836,
    "dominatingGenotype": "00000112233333444555555555677777",
    "averageLife": 85.18736881195284,
    "averageAnimals: ": 35.482587064676615,
    "averageWeeds": 170.6915422885572,
    "averageEnergy": 448.6700903917936
}