{
    "averageKids": 1.1824729648966148,
    "dominatingGenotype": "00111111122222333445566666677777",
    "averageLife": 104.41991236719053,
    "averageAnimals: ": 53.34283000949667,
    "averageWeeds": 336.96771130104463,
    "averageEnergy": 1645.9987886292174
}