{
    "averageKids": 0.12662787426148292,
    "dominatingGenotype": "00000112233333444555555555677777",
    "averageLife": 26.614200199012473,
    "averageAnimals: ": 102.73584905660377,
    "averageWeeds": 48.283018867924525,
    "averageEnergy": 163.56751240143515
}