{
    "averageKids": 0.0898523092541746,
    "dominatingGenotype": "00001112223334444445566666667777",
    "averageLife": 70.26178628196433,
    "averageAnimals: ": 36.40384615384615,
    "averageWeeds": 81.21153846153847,
    "averageEnergy": 215.02912220853355
}