{
    "averageKids": 0.6031915988445794,
    "dominatingGenotype": "01111112223344455555666667777777",
    "averageLife": 524.0795707123565,
    "averageAnimals: ": 16.62350597609562,
    "averageWeeds": 319.02988047808765,
    "averageEnergy": 1455.936978337195
}