{
    "averageKids": 0.14497674304053018,
    "dominatingGenotype": "01112222222233333345555567777777",
    "averageLife": 69.42150901682993,
    "averageAnimals: ": 37.09615384615385,
    "averageWeeds": 70.45192307692308,
    "averageEnergy": 289.79537084583706
}