{
    "averageKids": 2.0207552123181918,
    "dominatingGenotype": "00000011112222344445555566666667",
    "averageLife": 117.81927295045554,
    "averageAnimals: ": 62.14529914529915,
    "averageWeeds": 128.20132953466288,
    "averageEnergy": 432.8256721867821
}