{
    "averageKids": 0.07457711967719645,
    "dominatingGenotype": "00000111222222333345555566667777",
    "averageLife": 48.76191330037484,
    "averageAnimals: ": 101.79245283018868,
    "averageWeeds": 47.056603773584904,
    "averageEnergy": 170.79920488846707
}