{
    "averageKids": 0.3507297182308298,
    "dominatingGenotype": "00000111222222333345555566667777",
    "averageLife": 89.95888618225207,
    "averageAnimals: ": 34.72139303482587,
    "averageWeeds": 178.7910447761194,
    "averageEnergy": 311.80685181058436
}