{
    "averageKids": 1.4769189372892304,
    "dominatingGenotype": "01112222222233333345555567777777",
    "averageLife": 121.30496367467511,
    "averageAnimals: ": 50.278884462151396,
    "averageWeeds": 141.04780876494024,
    "averageEnergy": 420.1790666984929
}