{
    "averageKids": 0.8747568842268683,
    "dominatingGenotype": "00000111222222333345555566667777",
    "averageLife": 601.3546886970333,
    "averageAnimals: ": 8.31190019193858,
    "averageWeeds": 926.7696737044146,
    "averageEnergy": 5949.823586577666
}